<nodes>
	<node id="0" x="0.0" y="0.0" />
    <node id="1" x="100" y="0.0" />
    <node id="2" x="200" y="0.0" />
    <node id="3" x="300" y="0.0" />
    <node id="4" x="400" y="0.0" />
    <node id="5" x="0" y="100" />
    <node id="6" x="100" y="100" />
    <node id="7" x="200" y="100" />
    <node id="8" x="300" y="100" />
    <node id="9" x="400" y="100" />
    <node id="10" x="00" y="200" />
    <node id="11" x="100" y="200" />
    <node id="12" x="200" y="200" />
    <node id="13" x="300" y="200" />
    <node id="14" x="400" y="200" />
    <node id="15" x="0.0" y="300" />
    <node id="16" x="100" y="300" />
    <node id="17" x="200" y="300" />
    <node id="18" x="300" y="300" />
    <node id="19" x="400" y="300" />
    <node id="20" x="0" y="400" />
    <node id="21" x="100" y="400" />
    <node id="22" x="200" y="400" />
    <node id="23" x="300" y="400" />
    <node id="24" x="400" y="400" />
</nodes>
