<?xml version="1.0" encoding="UTF-8"?>

<!-- generated on Fri 18 Sep 2020 13:40:55 IST by Eclipse SUMO GUI Version 1.6.0
<configuration xmlns:xsi="http://www.w3.org/2001/XMLSchema-instance" xsi:noNamespaceSchemaLocation="http://sumo.dlr.de/xsd/sumoConfiguration.xsd">

    <input>
        <net-file value="grid_5_5_final.net.xml"/>
        <route-files value="simulation.rou.xml"/>
    </input>

    <output>
        <netstate-dump value="netdump.xml"/>
        <tripinfo-output value="tripinfo.xml"/>
    </output>

    <processing>
        <collision.action value="none"/>
    </processing>

    <report>
        <duration-log.disable value="true"/>
        <no-step-log value="true"/>
    </report>

    <traci_server>
        <remote-port value="38797"/>
    </traci_server>

    <gui_only>
        <gui-settings-file value="simulation.settings.xml"/>
    </gui_only>

</configuration>
-->

<netstate xmlns:xsi="http://www.w3.org/2001/XMLSchema-instance" xsi:noNamespaceSchemaLocation="http://sumo.dlr.de/xsd/netstate_file.xsd">
    <timestep time="0.00">
        <edge id="0to5">
            <lane id="0to5_0">
                <vehicle id="veh1" pos="12.10" speed="0.00"/>
            </lane>
            <lane id="0to5_1"/>
        </edge>
        <edge id="24to19">
            <lane id="24to19_0">
                <vehicle id="veh2" pos="12.10" speed="0.00"/>
            </lane>
            <lane id="24to19_1"/>
        </edge>
    </timestep>
</netstate>
